"","Athlete.Name","Team","Rank_800","Rank_1600","Rank_3200","Rank_5k_XC","Total_Score","Best_Event","Second_Best_Event","Avg_Score","Weighted_Avg_Score","Weighted_Total_Score"
"1","Coleman Cronk","Florida State",0.00469483568075117,0.0720338983050847,0.62,NA,0.696728733985836,0.62,0.0720338983050847,0.232242911328612,0.346016949152542,0.692033898305085
"2","Isaac Alonzo","Texas",0.00938967136150235,0.338983050847458,0.635,0.938144329896907,1.92151705210587,0.938144329896907,0.635,0.480379263026467,0.786572164948454,1.57314432989691
"3","Carson Burian","Alabama",0.0140845070422535,0.779661016949153,0.74,0.381443298969072,1.91518882296048,0.779661016949153,0.74,0.47879720574012,0.759830508474576,1.51966101694915
"4","Jack Scherer","NAU",0.0187793427230047,0.076271186440678,0.54,0.963917525773196,1.59896805493688,0.963917525773196,0.54,0.39974201373422,0.751958762886598,1.5039175257732
"5","Alex Kiefer","Portland",0.0234741784037559,0.0211864406779661,0.05,0.11340206185567,0.208062680937392,0.11340206185567,0.05,0.052015670234348,0.0817010309278351,0.16340206185567
"6","Aiden Larsen","Portland",0.028169014084507,0.0296610169491525,0.025,NA,0.0828300310336596,0.0296610169491525,0.028169014084507,0.0276100103445532,0.0289150155168298,0.0578300310336596
"7","Logan Read","Kansas",0.0328638497652582,0.13135593220339,0.24,0.257731958762887,0.661951740731535,0.257731958762887,0.24,0.165487935182884,0.248865979381443,0.497731958762887
"8","Peter Walsdorf","Kansas",0.0375586854460094,0.161016949152542,0.685,0.0360824742268041,0.919658108825356,0.685,0.161016949152542,0.229914527206339,0.423008474576271,0.846016949152542
"9","Philip Metclaf","Vanderbilt",0.0422535211267606,0.169491525423729,0.395,0.77319587628866,1.37994092283915,0.77319587628866,0.395,0.344985230709787,0.58409793814433,1.16819587628866
"10","Conor Bohrer","Duke",0.0469483568075117,0.182203389830508,0.625,0.809278350515464,1.66343009715348,0.809278350515464,0.625,0.415857524288371,0.717139175257732,1.43427835051546
"11","Zach Hodges","Vanderbilt",0.0516431924882629,0.165254237288136,0.275,0.360824742268041,0.85272217204444,0.360824742268041,0.275,0.21318054301111,0.317912371134021,0.635824742268041
"12","Walker Cole","Utah State",0.0563380281690141,0.516949152542373,0.675,0.902061855670103,2.15034903638149,0.902061855670103,0.675,0.537587259095373,0.788530927835052,1.5770618556701
"13","Will Dixon","Utah State",0.0610328638497653,0.0254237288135593,0.235,0.335051546391753,0.656508139055077,0.335051546391753,0.235,0.164127034763769,0.285025773195876,0.570051546391753
"14","Joshua Galindo","New Mexico",0.0657276995305164,0.0466101694915254,0.12,0.0412371134020619,0.273574982424104,0.12,0.0657276995305164,0.0683937456060259,0.0928638497652582,0.185727699530516
"15","Evan Pardo","LSU",0.0704225352112676,0.038135593220339,0.165,0.144329896907216,0.417888025338823,0.165,0.144329896907216,0.104472006334706,0.154664948453608,0.309329896907216
"16","Davin Thompson","BYU",0.0751173708920188,0.449152542372881,0.575,0.948453608247423,2.04772352151232,0.948453608247423,0.575,0.511930880378081,0.761726804123711,1.52345360824742
"17","Garrett Gallaher","Air Force",0.07981220657277,0.0338983050847458,0.065,0.0618556701030928,0.240566181760609,0.07981220657277,0.065,0.0601415454401521,0.072406103286385,0.14481220657277
"18","Bryce Lentz","Air Force",0.0845070422535211,0.266949152542373,0.585,0.623711340206186,1.56016753500208,0.623711340206186,0.585,0.39004188375052,0.604355670103093,1.20871134020619
"19","Walter Sellers","Air Force",0.0892018779342723,0.0423728813559322,0.155,0.489690721649485,0.776265480939689,0.489690721649485,0.155,0.194066370234922,0.322345360824742,0.644690721649484
"20","Mitchell Athay","Utah State",0.0938967136150235,0.11864406779661,0.225,0.628865979381443,1.06640676079308,0.628865979381443,0.225,0.266601690198269,0.426932989690722,0.853865979381443
"21","Garrett Woodhouse","Utah State",0.0985915492957746,0.0677966101694915,0.59,0.587628865979381,1.34401702544465,0.59,0.587628865979381,0.336004256361162,0.588814432989691,1.17762886597938
"22","Tyler Remigino","Virginia",0.103286384976526,0.186440677966102,0.075,0.211340206185567,0.576067269128195,0.211340206185567,0.186440677966102,0.144016817282049,0.198890442075834,0.397780884151669
"23","Quinton Orr","Iowa State",0.107981220657277,0.228813559322034,0.545,0.448453608247423,1.33024838822673,0.545,0.448453608247423,0.332562097056683,0.496726804123711,0.993453608247423
"24","Christopher Stone","Kansas",0.112676056338028,0.0169491525423729,NA,0.365979381443299,0.4956045903237,0.365979381443299,0.112676056338028,0.1652015301079,0.239327718890664,0.478655437781327
"25","Evan Delacruz","Portland",0.117370892018779,NA,0.005,NA,0.122370892018779,0.117370892018779,NA,0.0611854460093897,0.117370892018779,0.117370892018779
"26","Bryce Cerkowniak","Gonzaga",0.122065727699531,0.207627118644068,0.58,0.525773195876289,1.43546604221989,0.58,0.525773195876289,0.358866510554972,0.552886597938144,1.10577319587629
"27","James Powers","Gonzaga",0.126760563380282,NA,NA,NA,0.126760563380282,0.126760563380282,NA,0.126760563380282,0.126760563380282,0.126760563380282
"28","Judson Greer","UNC",0.131455399061033,0.838983050847458,0.96,0.989690721649485,2.92012917155798,0.989690721649485,0.96,0.730032292889494,0.974845360824742,1.94969072164948
"29","Evan Caswell","Texas Tech",0.136150234741784,0.23728813559322,0.555,0.912371134020619,1.84080950435562,0.912371134020619,0.555,0.460202376088906,0.733685567010309,1.46737113402062
"30","Orlando Cicilioni","Florida",0.140845070422535,0.148305084745763,0.48,0.407216494845361,1.17636665001366,0.48,0.407216494845361,0.294091662503415,0.44360824742268,0.887216494845361
"31","Creed Thompson","BYU",0.145539906103286,0.593220338983051,0.615,0.984536082474227,2.33829632756056,0.984536082474227,0.615,0.584574081890141,0.799768041237113,1.59953608247423
"32","Simon Saia","Portland",0.150234741784038,0.597457627118644,0.38,0.0721649484536082,1.19985731735629,0.597457627118644,0.38,0.299964329339072,0.488728813559322,0.977457627118644
"33","Paul Talens","Gonzaga",0.154929577464789,0.0127118644067797,NA,0.34020618556701,0.507847627438579,0.34020618556701,0.154929577464789,0.169282542479526,0.2475678815159,0.495135763031799
"34","Will Thorsett","Gonzaga",0.15962441314554,0.0805084745762712,0.085,0.252577319587629,0.57771020730944,0.252577319587629,0.15962441314554,0.14442755182736,0.206100866366584,0.412201732733169
"35","Thomas Hazen","Kansas State",0.164319248826291,0.279661016949153,0.735,0.278350515463918,1.45733078123936,0.735,0.279661016949153,0.36433269530984,0.507330508474576,1.01466101694915
"36","Randy Smith","Alabama",0.169014084507042,0.122881355932203,0.07,0.38659793814433,0.748493378583576,0.38659793814433,0.169014084507042,0.187123344645894,0.277806011325686,0.555612022651372
"37","Stewart Brown","Auburn",0.173708920187793,0.495762711864407,0.44,0.520618556701031,1.63009018875323,0.520618556701031,0.495762711864407,0.407522547188308,0.508190634282719,1.01638126856544
"38","Caleb Lopez","Texas A&M",0.178403755868545,0.576271186440678,0.39,0.649484536082474,1.7941594783917,0.649484536082474,0.576271186440678,0.448539869597924,0.612877861261576,1.22575572252315
"39","Emmet Anderson","Minnesota",0.183098591549296,0.177966101694915,0.45,0.752577319587629,1.56364201283184,0.752577319587629,0.45,0.39091050320796,0.601288659793814,1.20257731958763
"40","Brady Martisus","Portland",0.187793427230047,0.203389830508475,0.195,0.201030927835052,0.787214185573573,0.203389830508475,0.201030927835052,0.196803546393393,0.202210379171763,0.404420758343526
"41","Brenden Charbeneau","Gonzaga",0.192488262910798,0.805084745762712,0.67,0.43298969072165,2.10056269939516,0.805084745762712,0.67,0.52514067484879,0.737542372881356,1.47508474576271
"42","Casey Burr","Furman",0.197183098591549,0.114406779661017,0.185,0.438144329896907,0.934734208149473,0.438144329896907,0.197183098591549,0.233683552037368,0.317663714244228,0.635327428488456
"43","Wynne Thomas","Florida State",0.2018779342723,0.127118644067797,0.645,0.402061855670103,1.3760584340102,0.645,0.402061855670103,0.34401460850255,0.523530927835052,1.0470618556701
"44","Gavin Saacke","Alabama",0.206572769953052,0.411016949152542,0.475,0.845360824742268,1.93795054384786,0.845360824742268,0.475,0.484487635961966,0.660180412371134,1.32036082474227
"45","Jack Woods","BYU",0.211267605633803,0.588983050847458,0.37,0.804123711340206,1.97437436782147,0.804123711340206,0.588983050847458,0.493593591955367,0.696553381093832,1.39310676218766
"46","Lucas Bouquot","Florida State",0.215962441314554,0.216101694915254,0.51,0.103092783505155,1.04515691973496,0.51,0.216101694915254,0.261289229933741,0.363050847457627,0.726101694915254
"47","Andrew Jones","Virginia",0.220657276995305,0.538135593220339,0.81,0.84020618556701,2.40899905578265,0.84020618556701,0.81,0.602249763945664,0.825103092783505,1.65020618556701
"48","Ian Noble","Virginia",0.225352112676056,0.330508474576271,0.605,0.231958762886598,1.39281935013893,0.605,0.330508474576271,0.348204837534731,0.467754237288136,0.935508474576271
"49","Ian Sellors","Virginia",0.230046948356808,0.156779661016949,0.02,0.154639175257732,0.561465784631489,0.230046948356808,0.156779661016949,0.140366446157872,0.193413304686878,0.386826609373757
"50","Arnav Tikhe","Virginia Tech",0.234741784037559,0.542372881355932,0.725,0.762886597938144,2.26500126333163,0.762886597938144,0.725,0.566250315832909,0.743943298969072,1.48788659793814
"51","Beau Thomason","Baylor",0.23943661971831,0.135593220338983,NA,0.0103092783505155,0.385339118407808,0.23943661971831,0.135593220338983,0.128446372802603,0.187514920028646,0.375029840057293
"52","Jacob McIntyre","TCU",0.244131455399061,NA,NA,NA,0.244131455399061,0.244131455399061,NA,0.244131455399061,0.244131455399061,0.244131455399061
"53","Theo Bachmann","Kentucky",0.248826291079812,0.300847457627119,0.78,0.0876288659793814,1.41730261468631,0.78,0.300847457627119,0.354325653671578,0.540423728813559,1.08084745762712
"54","Benson Atkins","Auburn",0.253521126760563,0.635593220338983,0.3,0.242268041237113,1.43138238833666,0.635593220338983,0.3,0.357845597084165,0.467796610169491,0.935593220338983
"55","Mark Foster","Auburn",0.258215962441315,0.254237288135593,0.33,0.304123711340206,1.14657696191711,0.33,0.304123711340206,0.286644240479279,0.317061855670103,0.634123711340206
"56","Tristian Merchant","NAU",0.262910798122066,0.758474576271186,0.945,0.95360824742268,2.91999362181593,0.95360824742268,0.945,0.729998405453983,0.94930412371134,1.89860824742268
"57","Noah Hales","SUU",0.267605633802817,0.0932203389830508,NA,NA,0.360825972785868,0.267605633802817,0.0932203389830508,0.180412986392934,0.180412986392934,0.360825972785868
"58","Tommy Paltzer","Portland",0.272300469483568,0.461864406779661,0.345,0.0463917525773196,1.12555662884055,0.461864406779661,0.345,0.281389157210137,0.40343220338983,0.806864406779661
"59","Chase Leach","Utah State",0.276995305164319,0.38135593220339,0.315,0.45360824742268,1.42695948479039,0.45360824742268,0.38135593220339,0.356739871197597,0.417482089813035,0.83496417962607
"60","Jacob White","Wyoming",0.28169014084507,0.686440677966102,0.415,0.61340206185567,1.99653288066684,0.686440677966102,0.61340206185567,0.499133220166711,0.649921369910886,1.29984273982177
"61","Colton Sands","UNC",0.286384976525822,0.529661016949153,0.485,0.654639175257732,1.95568516873271,0.654639175257732,0.529661016949153,0.488921292183177,0.592150096103442,1.18430019220688
"62","Andrew Kivett","Wake Forest",0.291079812206573,0.224576271186441,0.265,0.319587628865979,1.10024371225899,0.319587628865979,0.291079812206573,0.275060928064748,0.305333720536276,0.610667441072552
"63","Brooks Harlan","Duke",0.295774647887324,0.605932203389831,0.27,NA,1.17170685127715,0.605932203389831,0.295774647887324,0.390568950425718,0.450853425638577,0.901706851277154
"64","Jacob Plummer","Virginia",0.300469483568075,0.661016949152542,0.285,0.479381443298969,1.72586787601959,0.661016949152542,0.479381443298969,0.431466969004897,0.570199196225756,1.14039839245151
"65","Declan Rymer","Virginia Tech",0.305164319248826,0.932203389830508,0.755,0.185567010309278,2.17793471938861,0.932203389830508,0.755,0.544483679847153,0.843601694915254,1.68720338983051
"66","Martin Chavez","Texas",0.309859154929577,0.271186440677966,0.775,0.927835051546392,2.28388064715394,0.927835051546392,0.775,0.570970161788484,0.851417525773196,1.70283505154639
"67","Samuel Ashley","Texas Tech",0.314553990610329,0.283898305084746,0.095,0.618556701030928,1.312008996726,0.618556701030928,0.314553990610329,0.328002249181501,0.466555345820628,0.933110691641256
"68","Jayden House ","TCU",0.31924882629108,NA,NA,NA,0.31924882629108,0.31924882629108,NA,0.31924882629108,0.31924882629108,0.31924882629108
"69","Josh Stern","Florida",0.323943661971831,0.627118644067797,0.385,0.850515463917526,2.18657776995715,0.850515463917526,0.627118644067797,0.546644442489288,0.738817053992661,1.47763410798532
"70","Aiden Villasuso","Florida",0.328638497652582,0.364406779661017,0.14,0.293814432989691,1.12685971030329,0.364406779661017,0.328638497652582,0.281714927575822,0.3465226386568,0.693045277313599
"71","Cooper Bocko","Georgia",0.333333333333333,0.419491525423729,0.535,0.551546391752577,1.83937125050964,0.551546391752577,0.535,0.45984281262741,0.543273195876289,1.08654639175258
"72","Brogan Giffin","Boise State",0.338028169014085,0.690677966101695,0.77,0.494845360824742,2.29355149594052,0.77,0.690677966101695,0.57338787398513,0.730338983050848,1.4606779661017
"73","Anderson Ball","Florida State",0.342723004694836,0.76271186440678,0.9,0.345360824742268,2.35079569384388,0.9,0.76271186440678,0.587698923460971,0.83135593220339,1.66271186440678
"74","Mac Updike","Florida State",0.347417840375587,0.322033898305085,0.595,0.443298969072165,1.70775070775284,0.595,0.443298969072165,0.426937676938209,0.519149484536082,1.03829896907216
"75","Colin Chapman","Wake Forest",0.352112676056338,0.220338983050847,0.125,NA,0.697451659107185,0.352112676056338,0.220338983050847,0.232483886369062,0.286225829553593,0.572451659107185
"76","Vincent Loftis","Wake Forest",0.356807511737089,0.533898305084746,0.6,0.65979381443299,2.15049963125482,0.65979381443299,0.6,0.537624907813706,0.629896907216495,1.25979381443299
"77","Victor Idhammar","Virginia Tech",0.36150234741784,0.0550847457627119,NA,0.123711340206186,0.540298433386738,0.36150234741784,0.123711340206186,0.180099477795579,0.242606843812013,0.485213687624026
"78","Bryce Fisher","TCU",0.366197183098592,0.144067796610169,NA,NA,0.510264979708761,0.366197183098592,0.144067796610169,0.255132489854381,0.255132489854381,0.510264979708761
"79","Collin Jones","Alabama",0.370892018779343,0.406779661016949,0.56,0.412371134020619,1.75004281381691,0.56,0.412371134020619,0.437510703454228,0.486185567010309,0.972371134020619
"80","Jack Williams","Arkansas",0.375586854460094,0.559322033898305,0.565,0.355670103092784,1.85557899145118,0.565,0.559322033898305,0.463894747862796,0.562161016949152,1.1243220338983
"81","Aiden Britt","Ole Miss",0.380281690140845,0.783898305084746,0.87,0.577319587628866,2.61149958285446,0.87,0.783898305084746,0.652874895713614,0.826949152542373,1.65389830508475
"82","Carson Helmer","Missouri",0.384976525821596,0.567796610169492,0.57,0.721649484536082,2.24442262052717,0.721649484536082,0.57,0.561105655131793,0.645824742268041,1.29164948453608
"83","Andy Niser","Vanderbilt",0.389671361502347,0.190677966101695,0.25,0.149484536082474,0.979833863686517,0.389671361502347,0.25,0.244958465921629,0.319835680751174,0.639671361502347
"84","Jack Wallace","LSU",0.394366197183099,0.173728813559322,0.15,NA,0.718095010742421,0.394366197183099,0.173728813559322,0.239365003580807,0.28404750537121,0.568095010742421
"85","Xander Black","Michigan",0.39906103286385,0.639830508474576,0.705,NA,1.74389154133843,0.705,0.639830508474576,0.581297180446142,0.672415254237288,1.34483050847458
"86","Kevin Andrews","Portland",0.403755868544601,0.457627118644068,0.045,0.164948453608247,1.07133144079692,0.457627118644068,0.403755868544601,0.267832860199229,0.430691493594334,0.861382987188669
"87","Ansel Tucker","Gonzaga",0.408450704225352,0.258474576271186,0.015,0.206185567010309,0.888110847506848,0.408450704225352,0.258474576271186,0.222027711876712,0.333462640248269,0.666925280496539
"88","Ethan Vargas","Furman",0.413145539906103,0.0635593220338983,NA,0.396907216494845,0.873612078434847,0.413145539906103,0.396907216494845,0.291204026144949,0.405026378200474,0.810052756400949
"89","Foster Wilfong","Furman",0.417840375586854,0.724576271186441,0.85,0.835051546391753,2.82746819316505,0.85,0.835051546391753,0.706867048291262,0.842525773195876,1.68505154639175
"90","Ryker Holtzen","Wyoming",0.422535211267606,0.313559322033898,0.26,0.134020618556701,1.1301151518582,0.422535211267606,0.313559322033898,0.282528787964551,0.368047266650752,0.736094533301504
"91","Patrick Donnelly","Florida State",0.427230046948357,0.521186440677966,0.72,0.871134020618557,2.53955050824488,0.871134020618557,0.72,0.63488762706122,0.795567010309278,1.59113402061856
"92","Crawford Hope","UNC",0.431924882629108,0.656779661016949,0.42,0.958762886597938,2.467467430244,0.958762886597938,0.656779661016949,0.616866857560999,0.807771273807444,1.61554254761489
"93","Kamari Miller","Syrcause",0.436619718309859,0.889830508474576,0.93,0.979381443298969,3.2358316700834,0.979381443298969,0.93,0.808957917520851,0.954690721649485,1.90938144329897
"94","Mack Peattie","Virginia",0.44131455399061,0.843220338983051,0.91,0.876288659793814,3.07082355276748,0.91,0.876288659793814,0.767705888191869,0.893144329896907,1.78628865979381
"95","Gabe Simonsen","Oklahoma State",0.446009389671362,0.665254237288136,0.92,0.5,2.5312636269595,0.92,0.665254237288136,0.632815906739874,0.792627118644068,1.58525423728814
"96","Cale Littrell","Kansas",0.450704225352113,0.669491525423729,0.175,0.077319587628866,1.37251533840471,0.669491525423729,0.450704225352113,0.343128834601177,0.560097875387921,1.12019575077584
"97","Soham Patil","Texas Tech",0.455399061032864,0.139830508474576,NA,NA,0.59522956950744,0.455399061032864,0.139830508474576,0.29761478475372,0.29761478475372,0.59522956950744
"98","Stone Burke","TCU",0.460093896713615,0.0889830508474576,NA,NA,0.549076947561073,0.460093896713615,0.0889830508474576,0.274538473780536,0.274538473780536,0.549076947561073
"99","Lucas Guerra","Georgetown",0.464788732394366,0.978813559322034,0.925,0.458762886597938,2.82736517831434,0.978813559322034,0.925,0.706841294578585,0.951906779661017,1.90381355932203
"100","Charlie Robertson","Colorado",0.469483568075117,0.622881355932203,0.465,0.917525773195876,2.4748906972032,0.917525773195876,0.622881355932203,0.618722674300799,0.77020356456404,1.54040712912808
"101","Arthur Graham","Alabama",0.474178403755869,0.677966101694915,0.325,0.288659793814433,1.76580429926522,0.677966101694915,0.474178403755869,0.441451074816304,0.576072252725392,1.15214450545078
"102","Chase Rose","Ole Miss",0.47887323943662,0.101694915254237,NA,0.510309278350515,1.09087743304137,0.510309278350515,0.47887323943662,0.363625811013791,0.494591258893568,0.989182517787135
"103","Mac Howie","Georgia",0.483568075117371,0.63135593220339,0.245,0.427835051546392,1.78775905886715,0.63135593220339,0.483568075117371,0.446939764716788,0.55746200366038,1.11492400732076
"104","Tristian Galvan","Texas A&M",0.488262910798122,0.5,0.445,0.706185567010309,2.13944847780843,0.706185567010309,0.5,0.534862119452108,0.603092783505155,1.20618556701031
"105","Drew Seabase","Michigan State",0.492957746478873,0.194915254237288,0.28,NA,0.967873000716161,0.492957746478873,0.28,0.322624333572054,0.386478873239437,0.772957746478873
"106","Leo Goodman","Minnesota",0.497652582159624,0.644067796610169,NA,0.0670103092783505,1.20873068804814,0.644067796610169,0.497652582159624,0.402910229349381,0.570860189384897,1.14172037876979
"107","Zach Plotkin","Ohio State",0.502347417840376,0.199152542372881,0.455,0.180412371134021,1.33691233134728,0.502347417840376,0.455,0.334228082836819,0.478673708920188,0.957347417840376
"108","Nathan Walker","Purdue",0.507042253521127,0.682203389830508,0.88,0.896907216494845,2.96615285984648,0.896907216494845,0.88,0.74153821496162,0.888453608247423,1.77690721649485
"109","Cael Grotenhuis","NAU",0.511737089201878,0.88135593220339,0.765,0.314432989690722,2.47252601109599,0.88135593220339,0.765,0.618131502773997,0.823177966101695,1.64635593220339
"110","Jason Renze","Air Force",0.516431924882629,0.152542372881356,0.35,0.22680412371134,1.24577842147533,0.516431924882629,0.35,0.311444605368831,0.433215962441315,0.866431924882629
"111","Oscar Goll","Wyoming",0.52112676056338,0.211864406779661,NA,0.0927835051546392,0.82577467249768,0.52112676056338,0.211864406779661,0.275258224165893,0.366495583671521,0.732991167343041
"112","Wesley Larson","NC State",0.525821596244131,0.525423728813559,0.23,0.536082474226804,1.81732779928449,0.536082474226804,0.525821596244131,0.454331949821124,0.530952035235468,1.06190407047094
"113","Drew Snyder","Baylor",0.530516431924883,0.233050847457627,0.305,0.175257731958763,1.24382501134127,0.530516431924883,0.305,0.310956252835318,0.417758215962441,0.835516431924883
"114","Demitrius Guerrero","Texas Tech",0.535211267605634,0.0847457627118644,NA,NA,0.619957030317498,0.535211267605634,0.0847457627118644,0.309978515158749,0.309978515158749,0.619957030317498
"115","Cory Hatchel","TCU",0.539906103286385,0.0593220338983051,NA,NA,0.59922813718469,0.539906103286385,0.0593220338983051,0.299614068592345,0.299614068592345,0.59922813718469
"116","Devon Comber","Villanova",0.544600938967136,0.966101694915254,0.935,0.582474226804124,3.02817686068651,0.966101694915254,0.935,0.757044215171629,0.950550847457627,1.90110169491525
"117","Ignatius Fitzgerald","Oregon",0.549295774647887,0.75,0.1,0.860824742268041,2.26012051691593,0.860824742268041,0.75,0.565030129228982,0.805412371134021,1.61082474226804
"118","Cameron Stein","Oregon",0.553990610328638,0.826271186440678,0.795,0.969072164948454,3.14433396171777,0.969072164948454,0.826271186440678,0.786083490429442,0.897671675694566,1.79534335138913
"119","Miles Phillips","Ole Miss",0.55868544600939,0.415254237288136,0.31,0.298969072164948,1.58290875546247,0.55868544600939,0.415254237288136,0.395727188865618,0.486969841648763,0.973939683297525
"120","Jonathan Pitchford","Florida",0.563380281690141,0.716101694915254,0.215,0.118556701030928,1.61303867763632,0.716101694915254,0.563380281690141,0.403259669409081,0.639740988302698,1.2794819766054
"121","Johnny Martin","Missouri",0.568075117370892,0.427966101694915,0.035,0.108247422680412,1.13928864174622,0.568075117370892,0.427966101694915,0.284822160436555,0.498020609532904,0.996041219065807
"122","Chance Gibson","Texas A&M",0.572769953051643,0.572033898305085,0.41,0.72680412371134,2.28160797506807,0.72680412371134,0.572769953051643,0.570401993767017,0.649787038381492,1.29957407676298
"123","Isaac Hartman","Iowa",0.577464788732394,0.372881355932203,0.29,0.0824742268041237,1.32282037146872,0.577464788732394,0.372881355932203,0.33070509286718,0.475173072332299,0.950346144664598
"124","Colin Hill","Iowa",0.582159624413146,0.436440677966102,0.04,NA,1.05860030237925,0.582159624413146,0.436440677966102,0.352866767459749,0.509300151189624,1.01860030237925
"125","Gage Killewald","Michigan State",0.586854460093897,0.508474576271186,NA,NA,1.09532903636508,0.586854460093897,0.508474576271186,0.547664518182542,0.547664518182542,1.09532903636508
"126","Aiden Barnhill","NAU",0.591549295774648,0.957627118644068,0.89,0.484536082474227,2.92371249689294,0.957627118644068,0.89,0.730928124223236,0.923813559322034,1.84762711864407
"127","Randy Espinoza","NAU",0.596244131455399,0.453389830508475,0.375,0.742268041237113,2.16690200320099,0.742268041237113,0.596244131455399,0.541725500800247,0.669256086346256,1.33851217269251
"128","Sam Geiger","Gonzaga",0.60093896713615,0.648305084745763,0.01,0.530927835051546,1.79017188693346,0.648305084745763,0.60093896713615,0.447542971733365,0.624622025940957,1.24924405188191
"129","Angus Fitzgerald","Boise State",0.605633802816901,0.860169491525424,0.46,0.474226804123711,2.40003009846604,0.860169491525424,0.605633802816901,0.600007524616509,0.732901647171163,1.46580329434233
"130","Matt Bogdan","NC State",0.610328638497653,0.733050847457627,0.68,0.556701030927835,2.58008051688311,0.733050847457627,0.68,0.645020129220779,0.706525423728814,1.41305084745763
"131","Will Jones","Virginia Tech",0.615023474178404,0.610169491525424,0.405,NA,1.63019296570383,0.615023474178404,0.610169491525424,0.543397655234609,0.612596482851914,1.22519296570383
"132","Colin O'Rielly","Virginia Tech",0.619718309859155,0.694915254237288,0.65,NA,1.96463356409644,0.694915254237288,0.65,0.654877854698814,0.672457627118644,1.34491525423729
"133","Will Pinto","Virginia Tech",0.624413145539906,0.385593220338983,NA,0.216494845360825,1.22650121123971,0.624413145539906,0.385593220338983,0.408833737079905,0.505003182939445,1.01000636587889
"134","Edwin Gomez","Texas",0.629107981220657,0.466101694915254,0.425,0.793814432989691,2.3140241091256,0.793814432989691,0.629107981220657,0.578506027281401,0.711461207105174,1.42292241421035
"135","Alex Gutierrez","Kansas State",0.633802816901408,0.389830508474576,0.18,0.0979381443298969,1.30157146970588,0.633802816901408,0.389830508474576,0.32539286742647,0.511816662687992,1.02363332537598
"136","Clay MacDonald","TCU",0.63849765258216,NA,NA,NA,0.63849765258216,0.63849765258216,NA,0.63849765258216,0.63849765258216,0.63849765258216
"137","Sean Donoghue","Villanova",0.643192488262911,0.940677966101695,0.69,NA,2.27387045436461,0.940677966101695,0.69,0.757956818121535,0.815338983050848,1.6306779661017
"138","Ben Green","Colorado",0.647887323943662,0.699152542372881,0.08,0.268041237113402,1.69508110342995,0.699152542372881,0.647887323943662,0.423770275857486,0.673519933158272,1.34703986631654
"139","Luke Affolder","Oregon",0.652582159624413,0.398305084745763,0.115,0.0257731958762887,1.19166044024646,0.652582159624413,0.398305084745763,0.297915110061616,0.525443622185088,1.05088724437018
"140","Sebastian Barclay","Oregon",0.657276995305164,0.402542372881356,NA,0.221649484536082,1.2814688527226,0.657276995305164,0.402542372881356,0.427156284240868,0.52990968409326,1.05981936818652
"141","Diego Perez","Oregon",0.661971830985915,0.822033898305085,0.47,NA,1.954005729291,0.822033898305085,0.661971830985915,0.651335243097,0.7420028646455,1.484005729291
"142","Robert DiDonato","Stanford",0.666666666666667,0.830508474576271,0.975,0.644329896907217,3.11650503815015,0.975,0.830508474576271,0.779126259537539,0.902754237288136,1.80550847457627
"143","Nathan Green","Washington",0.671361502347418,0.995762711864407,0.94,0.824742268041237,3.43186648225306,0.995762711864407,0.94,0.857966620563265,0.967881355932203,1.93576271186441
"144","Aubrey Lake","Alabama",0.676056338028169,0.292372881355932,NA,0.0206185567010309,0.989047776085132,0.676056338028169,0.292372881355932,0.329682592028377,0.484214609692051,0.968429219384101
"145","Eoin McNally","Florida",0.68075117370892,0.711864406779661,NA,0.515463917525773,1.90807949801435,0.711864406779661,0.68075117370892,0.636026499338118,0.696307790244291,1.39261558048858
"146","Will Bray","Georgia",0.685446009389671,0.245762711864407,0.22,0.329896907216495,1.48110562847057,0.685446009389671,0.329896907216495,0.370276407117643,0.507671458303083,1.01534291660617
"147","Micah Bruggeman","Missouri",0.690140845070423,0.423728813559322,0.03,0.128865979381443,1.27273563801119,0.690140845070423,0.423728813559322,0.318183909502797,0.556934829314872,1.11386965862974
"148","Sean Carney","Ohio State",0.694835680751174,0.851694915254237,0.875,0.690721649484536,3.11225224548995,0.875,0.851694915254237,0.778063061372487,0.863347457627119,1.72669491525424
"149","Max Davis","BYU",0.699530516431925,0.800847457627119,0.665,0.469072164948454,2.6344501390075,0.800847457627119,0.699530516431925,0.658612534751874,0.750188987029522,1.50037797405904
"150","Aidan Roberts","Boise State",0.704225352112676,0.885593220338983,0.835,NA,2.42481857245166,0.885593220338983,0.835,0.808272857483886,0.860296610169492,1.72059322033898
"151","Luke Schildmeyer","Notre Dame",0.708920187793427,0.728813559322034,0.495,0.572164948453608,2.50489869556907,0.728813559322034,0.708920187793427,0.626224673892267,0.718866873557731,1.43773374711546
"152","Parker Wolfe","UNC",0.713615023474178,0.915254237288136,0.995,0.994845360824742,3.61871462158706,0.995,0.994845360824742,0.904678655396764,0.994922680412371,1.98984536082474
"153","Nathan Mountain","Virginia",0.71830985915493,0.98728813559322,1,0.93298969072165,3.6385876854698,1,0.98728813559322,0.90964692136745,0.99364406779661,1.98728813559322
"154","Nate Mueller","Iowa State",0.723004694835681,0.936440677966102,0.915,0.634020618556701,3.20846599135848,0.936440677966102,0.915,0.802116497839621,0.925720338983051,1.8514406779661
"155","Matthew Hauser","Kansas State",0.727699530516432,0.614406779661017,0.715,0.701030927835051,2.7581372380125,0.727699530516432,0.715,0.689534309503125,0.721349765258216,1.44269953051643
"156","Josh Medina","Colorado",0.732394366197183,0.703389830508475,0.205,0.15979381443299,1.80057801113865,0.732394366197183,0.703389830508475,0.450144502784662,0.717892098352829,1.43578419670566
"157","Ajani Salcido","UCLA",0.737089201877934,0.898305084745763,0.99,0.865979381443299,3.491373668067,0.99,0.898305084745763,0.872843417016749,0.944152542372881,1.88830508474576
"158","Reuben Reina","Arkansas",0.741784037558685,0.949152542372881,0.895,0.685567010309278,3.27150359024085,0.949152542372881,0.895,0.817875897560211,0.922076271186441,1.84415254237288
"159","Luke Roberts","Auburn",0.746478873239437,NA,NA,NA,0.746478873239437,0.746478873239437,NA,0.746478873239437,0.746478873239437,0.746478873239437
"160","Dyllon Nimmers","LSU",0.751173708920188,0.36864406779661,0.145,0.195876288659794,1.46069406537659,0.751173708920188,0.36864406779661,0.365173516344148,0.559908888358399,1.1198177767168
"161","Jack Pennewell","Michigan State",0.755868544600939,0.440677966101695,0.19,NA,1.38654651070263,0.755868544600939,0.440677966101695,0.462182170234211,0.598273255351317,1.19654651070263
"162","Gabriel Montague","Furman",0.76056338028169,0.809322033898305,0.71,0.922680412371134,3.20256582655113,0.922680412371134,0.809322033898305,0.800641456637782,0.86600122313472,1.73200244626944
"163","Gabriel Robinson","Furman",0.765258215962441,0.26271186440678,NA,0.0309278350515464,1.05889791542077,0.765258215962441,0.26271186440678,0.352965971806922,0.513985040184611,1.02797008036922
"164","Beck Wittstadt","Duke",0.769953051643192,0.766949152542373,0.13,NA,1.66690220418557,0.769953051643192,0.766949152542373,0.555634068061855,0.768451102092783,1.53690220418557
"165","Jackson Braddock","Virginia",0.774647887323944,0.919491525423729,0.97,0.783505154639175,3.44764456738685,0.97,0.919491525423729,0.861911141846712,0.944745762711864,1.88949152542373
"166","Justin Wachtel","Virginia",0.779342723004695,0.923728813559322,0.785,1,3.48807153656402,1,0.923728813559322,0.872017884141004,0.961864406779661,1.92372881355932
"167","Quenton Walion","Kansas",0.784037558685446,0.351694915254237,0.105,0.371134020618557,1.61186649455824,0.784037558685446,0.371134020618557,0.40296662363956,0.577585789652001,1.155171579304
"168","Matthrew Griffin","Georgetown",0.788732394366197,0.474576271186441,NA,NA,1.26330866555264,0.788732394366197,0.474576271186441,0.631654332776319,0.631654332776319,1.26330866555264
"169","Grayden Rauba","Colorado",0.793427230046948,0.61864406779661,0.82,0.88659793814433,3.11866923598789,0.88659793814433,0.82,0.779667308996972,0.853298969072165,1.70659793814433
"170","Charlie Welch","Colorado",0.7981220657277,0.555084745762712,NA,0.376288659793814,1.72949547128423,0.7981220657277,0.555084745762712,0.576498490428075,0.676603405745206,1.35320681149041
"171","Caleb Boutelle","Stanford",0.802816901408451,0.707627118644068,0.86,0.463917525773196,2.83436154582571,0.86,0.802816901408451,0.708590386456429,0.831408450704225,1.66281690140845
"172","Ben Shearer","Arkansas",0.807511737089202,0.953389830508475,0.985,0.974226804123711,3.72012837172139,0.985,0.974226804123711,0.930032092930347,0.979613402061856,1.95922680412371
"173","Gabe Scales","Ole Miss",0.812206572769953,0.754237288135593,0.525,0.561855670103093,2.65329953100864,0.812206572769953,0.754237288135593,0.66332488275216,0.783221930452773,1.56644386090555
"174","Michael Fiore","Florida",0.816901408450704,0.788135593220339,0.53,0.54639175257732,2.68142875424836,0.816901408450704,0.788135593220339,0.670357188562091,0.802518500835522,1.60503700167104
"175","Matthew Mule'","Florida",0.821596244131455,0.792372881355932,0.5,0.422680412371134,2.53664953785852,0.821596244131455,0.792372881355932,0.63416238446463,0.806984562743694,1.61396912548739
"176","Javier Vento","Florida",0.826291079812207,0.902542372881356,0.805,0.56701030927835,3.10084376197191,0.902542372881356,0.826291079812207,0.775210940492978,0.864416726346781,1.72883345269356
"177","Seth White","Georgia",0.830985915492958,0.48728813559322,0.06,0.0567010309278351,1.43497508201401,0.830985915492958,0.48728813559322,0.358743770503503,0.659137025543089,1.31827405108618
"178","Cooper Atkins","Auburn",0.835680751173709,0.872881355932203,0.84,0.737113402061856,3.28567550916777,0.872881355932203,0.84,0.821418877291942,0.856440677966102,1.7128813559322
"179","Andrew Anderson","Indiana",0.84037558685446,NA,NA,0.247422680412371,1.08779826726683,0.84037558685446,NA,0.543899133633416,0.84037558685446,0.84037558685446
"180","Jaylen Castillo","Indiana",0.845070422535211,0.432203389830508,NA,0.309278350515464,1.58655216288118,0.845070422535211,0.432203389830508,0.528850720960395,0.63863690618286,1.27727381236572
"181","Sam Easley","Nebraska",0.849765258215962,NA,NA,NA,0.849765258215962,0.849765258215962,NA,0.849765258215962,0.849765258215962,0.849765258215962
"182","Justin Healey","Penn State",0.854460093896714,0.584745762711864,0.295,NA,1.73420585660858,0.854460093896714,0.584745762711864,0.578068618869526,0.719602928304289,1.43920585660858
"183","Matthew Smith","Furman",0.859154929577465,0.601694915254237,NA,0.283505154639175,1.74435499947088,0.859154929577465,0.601694915254237,0.581451666490292,0.730424922415851,1.4608498448317
"184","Miles Ally","NC State",0.863849765258216,0.961864406779661,0.905,0.757731958762887,3.48844613080076,0.961864406779661,0.905,0.872111532700191,0.933432203389831,1.86686440677966
"185","Grant Howlett","NC State",0.868544600938967,0.326271186440678,NA,NA,1.19481578737965,0.868544600938967,0.326271186440678,0.597407893689823,0.597407893689823,1.19481578737965
"186","Sully Shelton","UNC",0.873239436619718,0.911016949152542,0.955,0.907216494845361,3.64647288061762,0.955,0.911016949152542,0.911618220154405,0.933008474576271,1.86601694915254
"187","David Beck","Virginia Tech",0.877934272300469,0.334745762711864,NA,NA,1.21268003501233,0.877934272300469,0.334745762711864,0.606340017506167,0.606340017506167,1.21268003501233
"188","Azaan Dawson","Virginia Tech",0.882629107981221,0.73728813559322,0.63,NA,2.24991724357444,0.882629107981221,0.73728813559322,0.749972414524814,0.809958621787221,1.61991724357444
"189","Christian Jackson","Virginia Tech",0.887323943661972,0.0508474576271186,NA,NA,0.93817140128909,0.887323943661972,0.0508474576271186,0.469085700644545,0.469085700644545,0.93817140128909
"190","Vincent Mestler","Oregon",0.892018779342723,0.771186440677966,0.32,0.597938144329897,2.58114336435059,0.892018779342723,0.771186440677966,0.645285841087647,0.831602610010345,1.66320522002069
"191","Brady Barton","Alabama",0.896713615023474,0.86864406779661,0.76,0.670103092783505,3.19546077560359,0.896713615023474,0.86864406779661,0.798865193900897,0.882678841410042,1.76535768282008
"192","Elias Schreml","Arkansas",0.901408450704225,0.983050847457627,0.965,NA,2.84945929816185,0.983050847457627,0.965,0.949819766053951,0.974025423728814,1.94805084745763
"193","Chase Piotrowski","Ole Miss",0.906103286384977,0.834745762711864,NA,0.0515463917525773,1.79239544084942,0.906103286384977,0.834745762711864,0.597465146949806,0.87042452454842,1.74084904909684
"194","Adam Spencer","Wisconsin",0.910798122065728,1,0.845,NA,2.75579812206573,1,0.910798122065728,0.918599374021909,0.955399061032864,1.91079812206573
"195","Ethan Brouw","New Mexico",0.915492957746479,0.813559322033898,0.255,NA,1.98405227978038,0.915492957746479,0.813559322033898,0.661350759926792,0.864526139890189,1.72905227978038
"196","Rynard Swanepoel","Wake Forest",0.92018779342723,0.817796610169492,NA,NA,1.73798440359672,0.92018779342723,0.817796610169492,0.868992201798361,0.868992201798361,1.73798440359672
"197","Dayton Carlson","Arizona State",0.924882629107981,0.864406779661017,0.52,0.798969072164949,3.10825848093395,0.924882629107981,0.864406779661017,0.777064620233487,0.894644704384499,1.789289408769
"198","Benjamin Reynolds","Oregon",0.929577464788732,0.944915254237288,NA,NA,1.87449271902602,0.944915254237288,0.929577464788732,0.93724635951301,0.93724635951301,1.87449271902602
"199","Ryan Maseman","Alabama",0.934272300469484,0.296610169491525,NA,0.0154639175257732,1.24634638748678,0.934272300469484,0.296610169491525,0.415448795828927,0.615441234980505,1.23088246996101
"200","Joe Wester","Florida",0.938967136150235,0.847457627118644,0.655,0.814432989690722,3.2558577529596,0.938967136150235,0.847457627118644,0.8139644382399,0.893212381634439,1.78642476326888
"201","Alex Justus","Kentucky",0.943661971830986,0.563559322033898,NA,0.391752577319588,1.89897387118447,0.943661971830986,0.563559322033898,0.632991290394824,0.753610646932442,1.50722129386488
"202","Antonio Abrego","Iowa",0.948356807511737,0.504237288135593,NA,NA,1.45259409564733,0.948356807511737,0.504237288135593,0.726297047823665,0.726297047823665,1.45259409564733
"203","Patrick Byrnes","Michigan State",0.953051643192488,0.796610169491525,0.745,0.675257731958763,3.16991954464278,0.953051643192488,0.796610169491525,0.792479886160694,0.874830906342007,1.74966181268401
"204","Darius Smallwood","Penn State",0.957746478873239,NA,NA,NA,0.957746478873239,0.957746478873239,NA,0.957746478873239,0.957746478873239,0.957746478873239
"205","Austin Klinger","BYU",0.962441314553991,0.309322033898305,NA,NA,1.2717633484523,0.962441314553991,0.309322033898305,0.635881674226148,0.635881674226148,1.2717633484523
"206","Matthew Erickson","Oregon",0.967136150234742,0.745762711864407,NA,NA,1.71289886209915,0.967136150234742,0.745762711864407,0.856449431049574,0.856449431049574,1.71289886209915
"207","Miles Brown","Michigan",0.971830985915493,0.305084745762712,NA,NA,1.2769157316782,0.971830985915493,0.305084745762712,0.638457865839102,0.638457865839102,1.2769157316782
"208","Joshua English ","Oklahoma State",0.976525821596244,0.347457627118644,NA,0.170103092783505,1.49408654149839,0.976525821596244,0.347457627118644,0.498028847166131,0.661991724357444,1.32398344871489
"209","Nicholas Medeiros","Georgetown",0.981220657276995,0.355932203389831,NA,NA,1.33715286066683,0.981220657276995,0.355932203389831,0.668576430333413,0.668576430333413,1.33715286066683
"210","Darius Kipyego","Iowa State",0.985915492957746,0.741525423728814,NA,0.139175257731959,1.86661617441852,0.985915492957746,0.741525423728814,0.62220539147284,0.86372045834328,1.72744091668656
"211","Tomas Palfrey","Oregon",0.990610328638498,0.991525423728814,0.21,NA,2.19213575236731,0.991525423728814,0.990610328638498,0.73071191745577,0.991067876183656,1.98213575236731
"212","Henry Johnson","Michigan",0.995305164319249,0.877118644067797,NA,NA,1.87242380838705,0.995305164319249,0.877118644067797,0.936211904193523,0.936211904193523,1.87242380838705
"213","John Lester","Stanford",1,0.970338983050847,NA,0.190721649484536,2.16106063253538,1,0.970338983050847,0.720353544178461,0.985169491525424,1.97033898305085
"214","Steven Durr","Portland",NA,0.00423728813559322,0.055,NA,0.0592372881355932,0.055,0.055,0.0296186440677966,0.055,0.11
"215","Andrew Kendrick","Butler",NA,0.00847457627118644,0.2,0.262886597938144,0.471361174209331,0.262886597938144,0.262886597938144,0.15712039140311,0.262886597938144,0.525773195876289
"216","Treyson True","Kansas",NA,0.0974576271186441,0.135,0.324742268041237,0.557199895159881,0.324742268041237,0.324742268041237,0.185733298386627,0.324742268041237,0.649484536082474
"217","Davis Potts","Georgia",NA,0.105932203389831,0.17,0.27319587628866,0.54912807967849,0.27319587628866,0.27319587628866,0.183042693226163,0.27319587628866,0.54639175257732
"218","Carpenter Mukai","Gonzaga",NA,0.110169491525424,NA,NA,0.110169491525424,0.110169491525424,0.110169491525424,0.110169491525424,0.110169491525424,0.220338983050847
"219","Macarius Wright","Florida",NA,0.241525423728814,0.36,0.237113402061856,0.838638825790669,0.36,0.36,0.279546275263556,0.36,0.72
"220","Austin Popplewell","Missouri",NA,0.25,0.365,0.768041237113402,1.3830412371134,0.768041237113402,0.768041237113402,0.461013745704467,0.768041237113402,1.5360824742268
"221","Antonio Florcruz","Oklahoma",NA,0.275423728813559,0.515,0.788659793814433,1.57908352262799,0.788659793814433,0.788659793814433,0.526361174209331,0.788659793814433,1.57731958762887
"222","Dereje Himbago","Washington",NA,0.288135593220339,0.355,0.603092783505155,1.24622837672549,0.603092783505155,0.603092783505155,0.415409458908498,0.603092783505155,1.20618556701031
"223","Matthew Mackay","Boise State",NA,0.317796610169492,0.4,NA,0.717796610169491,0.4,0.4,0.358898305084746,0.4,0.8
"224","Sergio Cuartas","Texas",NA,0.343220338983051,0.55,0.639175257731959,1.53239559671501,0.639175257731959,0.639175257731959,0.510798532238336,0.639175257731959,1.27835051546392
"225","Galen Topper","Stanford",NA,0.360169491525424,0.865,0.664948453608247,1.89011794513367,0.865,0.865,0.630039315044557,0.865,1.73
"226","Hayden Healey","Penn State",NA,0.377118644067797,0.335,0.711340206185567,1.42345885025336,0.711340206185567,0.711340206185567,0.474486283417788,0.711340206185567,1.42268041237113
"227","Alex Baca","Colorado",NA,0.394067796610169,0.695,0.747422680412371,1.83649047702254,0.747422680412371,0.747422680412371,0.612163492340847,0.747422680412371,1.49484536082474
"228","Brendan Colwell","Penn State",NA,0.444915254237288,0.66,0.891752577319588,1.99666783155688,0.891752577319588,0.891752577319588,0.665555943852292,0.891752577319588,1.78350515463918
"229","Ben Calusinski","Oklahoma State",NA,0.470338983050847,0.73,NA,1.20033898305085,0.73,0.73,0.600169491525424,0.73,1.46
"230","Lukas Haug","Colorado",NA,0.478813559322034,0.435,0.943298969072165,1.8571125283942,0.943298969072165,0.943298969072165,0.619037509464733,0.943298969072165,1.88659793814433
"231","Patrick Curulla","UCLA",NA,0.483050847457627,0.64,NA,1.12305084745763,0.64,0.64,0.561525423728814,0.64,1.28
"232","Jackson Watts","Kentucky",NA,0.491525423728814,0.7,0.855670103092783,2.0471955268216,0.855670103092783,0.855670103092783,0.682398508940532,0.855670103092783,1.71134020618557
"233","Kevin Agnew","Ohio State",NA,0.51271186440678,0.75,0.829896907216495,2.09260877162327,0.829896907216495,0.829896907216495,0.697536257207758,0.829896907216495,1.65979381443299
"234","Jack McLoughlin","Georgetown",NA,0.546610169491525,0.43,0.505154639175258,1.48176480866678,0.546610169491525,0.546610169491525,0.493921602888928,0.546610169491525,1.09322033898305
"235","James Overberg","Colorado",NA,0.550847457627119,0.855,0.592783505154639,1.99863096278176,0.855,0.855,0.666210320927253,0.855,1.71
"236","Christopher DeSousa","Penn State",NA,0.580508474576271,0.49,0.417525773195876,1.48803424777215,0.580508474576271,0.580508474576271,0.496011415924049,0.580508474576271,1.16101694915254
"237","Nick Goldstein","Furman",NA,0.652542372881356,0.83,0.608247422680412,2.09078979556177,0.83,0.83,0.696929931853923,0.83,1.66
"238","Christian Simone","Oregon",NA,0.673728813559322,NA,0.541237113402062,1.21496592696138,0.673728813559322,0.673728813559322,0.607482963480692,0.673728813559322,1.34745762711864
"239","Brady Yoder","Purdue",NA,0.720338983050847,0.885,0.695876288659794,2.30121527171064,0.885,0.885,0.76707175723688,0.885,1.77
"240","Mateo Bianchi","UCLA",NA,0.775423728813559,0.8,NA,1.57542372881356,0.8,0.8,0.78771186440678,0.8,1.6
"241","Joshua Truchon","Wisconsin",NA,0.855932203389831,0.98,0.716494845360825,2.55242704875066,0.98,0.98,0.850809016250218,0.98,1.96
"242","Nolan Topper","Stanford",NA,0.894067796610169,0.95,0.680412371134021,2.52448016774419,0.95,0.95,0.841493389248063,0.95,1.9
"243","Camden Marshall","Indiana",NA,0.906779661016949,0.825,0.778350515463918,2.51013017648087,0.906779661016949,0.906779661016949,0.836710058826956,0.906779661016949,1.8135593220339
"244","Mateo Althouse","Georgetown",NA,0.927966101694915,0.815,0.881443298969072,2.62440940066399,0.927966101694915,0.927966101694915,0.874803133554662,0.927966101694915,1.85593220338983
"245","Rory Leonard","Oklahoma State",NA,0.974576271186441,0.79,NA,1.76457627118644,0.974576271186441,0.974576271186441,0.88228813559322,0.974576271186441,1.94915254237288
"246","Patrick Malone","Syrcause",NA,NA,0.09,NA,0.09,0.09,NA,0.09,0.09,0.09
"247","Zach Gacnik","Colorado",NA,NA,0.11,0.350515463917526,0.460515463917526,0.350515463917526,NA,0.230257731958763,0.350515463917526,0.350515463917526
"248","Marlon Beldon","Georgetown",NA,NA,0.16,0.731958762886598,0.891958762886598,0.731958762886598,NA,0.445979381443299,0.731958762886598,0.731958762886598
"249","Nolan Hosbein","Portland",NA,NA,0.34,0.00515463917525773,0.345154639175258,0.34,NA,0.172577319587629,0.34,0.34
"250","Travis Hickner","Indiana",NA,NA,0.505,0.819587628865979,1.32458762886598,0.819587628865979,NA,0.66229381443299,0.819587628865979,0.819587628865979
"251","Abdel Laadjel","Providence",NA,NA,0.61,NA,0.61,0.61,NA,0.61,0.61,0.61
